{"global_step": 40446, "_timestamp": 1677765631.069764, "rollout/ep_len_mean": 40.810001373291016, "rollout/ep_rew_mean": -15.538373947143555, "time/fps": 456.0, "_runtime": 103.29748392105103, "_step": 78, "eval/mean_ep_length": 83.5999984741211, "eval/mean_reward": 235.632080078125, "train/actor_loss": -8.629866600036621, "train/critic_loss": 52.72517776489258, "train/ent_coef": 0.8803102374076843, "train/ent_coef_loss": -0.8693365454673767, "train/learning_rate": 0.0003000000142492354, "_wandb": {"runtime": 133}}