{"time_total_s": 2253.827509880066, "info/grad_norm": 5.121456146240234, "timesteps_since_restore": 11340606, "timesteps_total": 21932908, "time_since_restore": 1073.8359258174896, "timesteps_this_iter": 102498, "info/episodes_this_iter": 1092, "info/weights_norm": 621.6844482421875, "iterations_since_restore": 108, "_step": 241, "_runtime": 2611.0144793987274, "timestamp": 1676337465, "_timestamp": 1676337465.5982695, "time_this_iter_s": 8.023590564727783, "info/update_ratio": 0.024510040879249573, "perf/ram_util_percent": 88.29999999999998, "warmup_time": 30.93964672088623, "episode_len_mean": 89.0, "training_iteration": 208, "episode_reward_mean": -96.62578582763672, "info/episodes_so_far": 226560, "perf/cpu_util_percent": 63.24545454545454}