{"episode_reward_mean": -7.1667070388793945, "episode_len_mean": 50.0, "timesteps_this_iter": 50900, "timesteps_total": 13653000, "training_iteration": 251, "timestamp": 1676334170, "time_this_iter_s": 1.6652109622955322, "time_total_s": 477.9063103199005, "time_since_restore": 477.9063103199005, "timesteps_since_restore": 13653000, "iterations_since_restore": 251, "warmup_time": 17.394598484039307, "info/weights_norm": 613.2529296875, "info/grad_norm": 5.769808292388916, "info/update_ratio": 0.02510618045926094, "info/episodes_this_iter": 1018, "info/episodes_so_far": 273060, "perf/cpu_util_percent": 38.05, "perf/ram_util_percent": 82.2, "_timestamp": 1676334170.5831883, "_runtime": 502.4388403892517, "_step": 250}