{"episode_reward_mean": 64.4370346069336, "episode_len_mean": 100.0, "timesteps_this_iter": 108702, "timesteps_total": 22120049, "training_iteration": 204, "timestamp": 1676341594, "time_this_iter_s": 11.167305946350098, "time_total_s": 2523.051082611084, "time_since_restore": 2523.051082611084, "timesteps_since_restore": 22120049, "iterations_since_restore": 204, "warmup_time": 15.388648509979248, "info/weights_norm": 612.21826171875, "info/grad_norm": 4.851529121398926, "info/update_ratio": 0.02398665063083172, "info/episodes_this_iter": 1088, "info/episodes_so_far": 221956, "perf/cpu_util_percent": 66.04666666666667, "perf/ram_util_percent": 88.25333333333334, "_timestamp": 1676341594.1507518, "_runtime": 2545.9050109386444, "_step": 203}