{"episode_reward_mean": -122.72061157226562, "episode_len_mean": 100.0, "timesteps_this_iter": 99227, "timesteps_total": 395705, "training_iteration": 4, "timestamp": 1676250859, "time_this_iter_s": 121.26186966896057, "time_total_s": 473.84046030044556, "time_since_restore": 473.84046030044556, "timesteps_since_restore": 395705, "iterations_since_restore": 4, "warmup_time": 13.675914525985718, "info/weights_norm": 528.630126953125, "info/grad_norm": 5.3958635330200195, "info/update_ratio": 0.057661525905132294, "info/episodes_this_iter": 1002, "info/episodes_so_far": 4008, "perf/cpu_util_percent": 82.84244186046512, "perf/ram_util_percent": 74.2889534883721, "_timestamp": 1676250859.8652456, "_runtime": 489.2993495464325, "_step": 3}