{"episode_reward_mean": 377.0700988769531, "episode_len_mean": 1000.0, "timesteps_this_iter": 1002000, "timesteps_total": 3006000, "training_iteration": 3, "timestamp": 1676248536, "time_this_iter_s": 308.93281531333923, "time_total_s": 948.164491891861, "time_since_restore": 948.164491891861, "timesteps_since_restore": 3006000, "iterations_since_restore": 3, "warmup_time": 15.119170188903809, "info/weights_norm": 524.1113891601562, "info/grad_norm": 6.044690132141113, "info/update_ratio": 0.06821025907993317, "info/episodes_this_iter": 1002, "info/episodes_so_far": 3006, "perf/cpu_util_percent": 79.84350797266515, "perf/ram_util_percent": 86.06241457858769, "_timestamp": 1676248536.9909163, "_runtime": 963.7845542430878, "_step": 2, "_wandb": {"runtime": 961}}