{"episode_reward_mean": 74.91170501708984, "episode_len_mean": 100.0, "timesteps_this_iter": 120471, "timesteps_total": 25669519, "training_iteration": 213, "timestamp": 1676389836, "time_this_iter_s": 3.9569811820983887, "time_total_s": 890.6980860233307, "time_since_restore": 890.6980860233307, "timesteps_since_restore": 25669519, "iterations_since_restore": 213, "warmup_time": 10.06841492652893, "info/weights_norm": 573.2376708984375, "info/grad_norm": 4.689471244812012, "info/update_ratio": 0.02507445588707924, "info/episodes_this_iter": 1210, "info/episodes_so_far": 257894, "perf/cpu_util_percent": 62.1, "perf/ram_util_percent": 19.4, "_timestamp": 1676389836.712678, "_runtime": 903.5009348392487, "_step": 212}