{"episode_reward_mean": 23.422874450683594, "episode_len_mean": 100.0, "timesteps_this_iter": 119358, "timesteps_total": 959905, "training_iteration": 8, "timestamp": 1676388165, "time_this_iter_s": 3.535723924636841, "time_total_s": 34.77812099456787, "time_since_restore": 34.77812099456787, "timesteps_since_restore": 959905, "iterations_since_restore": 8, "warmup_time": 10.129172325134277, "info/weights_norm": 546.0778198242188, "info/grad_norm": 5.070107460021973, "info/update_ratio": 0.040920618921518326, "info/episodes_this_iter": 1216, "info/episodes_so_far": 9760, "perf/cpu_util_percent": 60.459999999999994, "perf/ram_util_percent": 19.2, "_timestamp": 1676388165.2952387, "_runtime": 46.26911163330078, "_step": 7, "_wandb": {"runtime": 45}}