{"episode_reward_mean": -100.76811981201172, "episode_len_mean": 100.0, "timesteps_this_iter": 104908, "timesteps_total": 14151455, "training_iteration": 134, "timestamp": 1676336103, "time_this_iter_s": 8.070886611938477, "time_total_s": 1472.9544849395752, "time_since_restore": 1472.9544849395752, "timesteps_since_restore": 14151455, "iterations_since_restore": 134, "warmup_time": 17.197246551513672, "info/weights_norm": 599.4735717773438, "info/grad_norm": 4.74580192565918, "info/update_ratio": 0.024135330691933632, "info/episodes_this_iter": 1090, "info/episodes_so_far": 145942, "perf/cpu_util_percent": 60.949999999999996, "perf/ram_util_percent": 88.14166666666667, "_timestamp": 1676336103.5209486, "_runtime": 1495.605152606964, "_step": 133}